File Name,Aggrement Value,Aggrement Start Date,Aggrement End Date,Renewal Notice (Days),Party One,Party Two
6683127-House-Rental-Contract-GERALDINE-GALINATO-v2-Page-1,6500,20.05.2007,20.05.2008,15,"Rental Agreement  Antonio Levy S. Ingles, Jr. and/or Mary Rose C. Ingles",GERALDINE Q. GALINATO for monthly rent Rs. 6500 from 20.05.2007 to 20.05.2008 with renewal notice 15 days.
6683129-House-Rental-Contract-Geraldine-Galinato-v2,6500,20.05.2007,20.05.2008,15,"Between Antonio Levy S. Ingles, Jr. and/or Mary Rose C. Ingles (",GERALDINE Q. GALINATO (
18325926-Rental-Agreement-1,4000,05.12.2008,31.11.2009,90,Between MR.K.Kuttan (Landlord/Party One),P.M. Narayana Namboodri (
24158401-Rental-Agreement,12000,01.04.2008,31.03.2009,60,Rental Agreement  Hanumaiah,Vishal Bhardwaj for monthly rent Rs. 12000 from 01.04.2008 to 31.03.2009 with renewal notice 60 days.
36199312-Rental-Agreement,3800,01.05.2010,31.04.2011,30,Between Balaji.R (Party One),Kartheek R (Party Two). Monthly rent: Rs. 3800. Term: 01.05.2010 to 31.04.2011. Renewal notice: 30 days.
44737744-Maddireddy-Bhargava-Reddy-Rental-Agreement,3000,20.09.2010,19.07.2011,,Between M.V.V. VIJAYA SHANKAR,MADDIREDDY BHARGAVA REDDY. Rent: Rs. 3000. Term: 20.09.2010 to 19.07.2011. Notice period: none.
47854715-RENTAL-AGREEMENT,9000,01.04.2010,31.02.2011,60,Rental Agreement  P C MATHEW,L GOPINATH for monthly rent Rs. 9000 from 01.04.2010 to 31.02.2011 with renewal notice 60 days.
50070534-RENTAL-AGREEMENT,10000,01.04.2010,30.03.2011,90,Rental Agreement  P. JohnsonRavikumar,Saravanan BV for monthly rent Rs. 10000 from 01.04.2010 to 30.03.2011 with renewal notice 90 days.
54770958-Rental-Agreement,8000,01.04.2011,31.03.2012,90,Between K. Parthasarathy,Veerabrahmam Bathini. Rent: Rs. 8000. Term: 01.04.2011 to 31.03.2012. Renewal notice: 90 days.
54945838-Rental-Agreement,5500,21.04.2011,19.02.2012,60,Between Asha Ramesh & Ramesh K.N,Sadasivuni Deepthi & Sadasivuni Kiran. Rent: 5500. Term: 21.04.2011 to 19.02.2012. Renewal notice: 60 days.
